image,index,measured_cm,truth_cm,error_cm,pct_error
IMG_6192.jpeg,1,3.141,3,0.141,4.71
IMG_6192.jpeg,2,30.0,30,0.0,0.0
IMG_6192.jpeg,3,13.109,13,0.109,0.84
IMG_6192.jpeg,4,18.087,18,0.087,0.48
IMG_6192.jpeg,5,16.239,16,0.239,1.49
IMG_6192.jpeg,6,22.038,22,0.038,0.17
IMG_6192.jpeg,7,8.131,8,0.131,1.64
IMG_6192.jpeg,8,2.199,2,0.199,9.95
IMG_6192.jpeg,9,14.148,14,0.148,1.06
IMG_6192.jpeg,10,25.071,25,0.071,0.28
IMG_6193.jpeg,11,7.129,7,0.129,1.84
IMG_6193.jpeg,12,15.272,15,0.272,1.81
IMG_6193.jpeg,13,20.286,20,0.286,1.43
IMG_6193.jpeg,14,5.038,5,0.038,0.77
IMG_6193.jpeg,15,9.074,9,0.074,0.82
IMG_6193.jpeg,16,17.205,17,0.205,1.21
IMG_6193.jpeg,17,24.237,24,0.237,0.99
IMG_6193.jpeg,18,12.264,12,0.264,2.2
IMG_6193.jpeg,19,21.229,21,0.229,1.09
IMG_6193.jpeg,20,28.309,28,0.309,1.1
